fragmentLengths,fragmentLengths
"(0, 10]",3082
"(10, 20]",2107
"(20, 30]",2279
"(30, 40]",2074
"(40, 50]",2186
"(50, 60]",1872
"(60, 70]",1747
"(70, 80]",1858
"(80, 90]",1861
"(90, 100]",1598
"(100, 110]",1791
"(110, 120]",2057
"(120, 130]",1742
"(130, 140]",2303
"(140, 150]",1577
"(150, 160]",1509
"(160, 170]",1470
"(170, 180]",1605
"(180, 190]",1463
"(190, 200]",1429
"(200, 210]",1314
"(210, 220]",1251
"(220, 230]",1415
"(230, 240]",1395
"(240, 250]",1234
"(250, 260]",1385
"(260, 270]",1577
"(270, 280]",1367
"(280, 290]",1152
"(290, 300]",1158
"(300, 310]",1120
"(310, 320]",1240
"(320, 330]",1153
"(330, 340]",1104
"(340, 350]",1077
"(350, 360]",1107
"(360, 370]",955
"(370, 380]",943
"(380, 390]",1007
"(390, 400]",1101
"(400, 410]",918
"(410, 420]",1050
"(420, 430]",881
"(430, 440]",956
"(440, 450]",889
"(450, 460]",890
"(460, 470]",904
"(470, 480]",847
"(480, 490]",884
"(490, 500]",1027
"(500, 510]",793
"(510, 520]",800
"(520, 530]",921
"(530, 540]",823
"(540, 550]",771
"(550, 560]",768
"(560, 570]",940
"(570, 580]",817
"(580, 590]",789
"(590, 600]",794
"(600, 610]",725
"(610, 620]",720
"(620, 630]",654
"(630, 640]",745
"(640, 650]",789
"(650, 660]",850
"(660, 670]",695
"(670, 680]",645
"(680, 690]",648
"(690, 700]",604
"(700, 710]",590
"(710, 720]",601
"(720, 730]",595
"(730, 740]",568
"(740, 750]",600
"(750, 760]",565
"(760, 770]",601
"(770, 780]",544
"(780, 790]",594
"(790, 800]",571
"(800, 810]",519
"(810, 820]",535
"(820, 830]",548
"(830, 840]",554
"(840, 850]",499
"(850, 860]",501
"(860, 870]",454
"(870, 880]",476
"(880, 890]",435
"(890, 900]",460
"(900, 910]",443
"(910, 920]",442
"(920, 930]",466
"(930, 940]",491
"(940, 950]",465
"(950, 960]",470
"(960, 970]",424
"(970, 980]",463
"(980, 990]",445
"(990, 1000]",471
"(1000, 1010]",452
"(1010, 1020]",364
"(1020, 1030]",441
"(1030, 1040]",414
"(1040, 1050]",382
"(1050, 1060]",375
"(1060, 1070]",332
"(1070, 1080]",383
"(1080, 1090]",364
"(1090, 1100]",369
"(1100, 1110]",418
"(1110, 1120]",366
"(1120, 1130]",296
"(1130, 1140]",342
"(1140, 1150]",352
"(1150, 1160]",289
"(1160, 1170]",290
"(1170, 1180]",288
"(1180, 1190]",299
"(1190, 1200]",303
"(1200, 1210]",281
"(1210, 1220]",328
"(1220, 1230]",284
"(1230, 1240]",264
"(1240, 1250]",266
"(1250, 1260]",310
"(1260, 1270]",315
"(1270, 1280]",280
"(1280, 1290]",279
"(1290, 1300]",254
"(1300, 1310]",279
"(1310, 1320]",271
"(1320, 1330]",261
"(1330, 1340]",263
"(1340, 1350]",280
"(1350, 1360]",267
"(1360, 1370]",260
"(1370, 1380]",239
"(1380, 1390]",222
"(1390, 1400]",241
"(1400, 1410]",275
"(1410, 1420]",243
"(1420, 1430]",251
"(1430, 1440]",231
"(1440, 1450]",210
"(1450, 1460]",214
"(1460, 1470]",229
"(1470, 1480]",252
"(1480, 1490]",197
"(1490, 1500]",200
"(1500, 1510]",209
"(1510, 1520]",177
"(1520, 1530]",201
"(1530, 1540]",183
"(1540, 1550]",168
"(1550, 1560]",161
"(1560, 1570]",179
"(1570, 1580]",180
"(1580, 1590]",186
"(1590, 1600]",182
"(1600, 1610]",170
"(1610, 1620]",178
"(1620, 1630]",153
"(1630, 1640]",156
"(1640, 1650]",164
"(1650, 1660]",175
"(1660, 1670]",152
"(1670, 1680]",164
"(1680, 1690]",147
"(1690, 1700]",147
"(1700, 1710]",153
"(1710, 1720]",153
"(1720, 1730]",154
"(1730, 1740]",158
"(1740, 1750]",148
"(1750, 1760]",142
"(1760, 1770]",147
"(1770, 1780]",122
"(1780, 1790]",127
"(1790, 1800]",131
"(1800, 1810]",150
"(1810, 1820]",145
"(1820, 1830]",129
"(1830, 1840]",135
"(1840, 1850]",140
"(1850, 1860]",117
"(1860, 1870]",112
"(1870, 1880]",115
"(1880, 1890]",124
"(1890, 1900]",130
"(1900, 1910]",125
"(1910, 1920]",148
"(1920, 1930]",135
"(1930, 1940]",112
"(1940, 1950]",146
"(1950, 1960]",134
"(1960, 1970]",119
"(1970, 1980]",116
"(1980, 1990]",107
"(1990, 2000]",106
"(2000, 2010]",114
"(2010, 2020]",103
"(2020, 2030]",101
"(2030, 2040]",106
"(2040, 2050]",84
"(2050, 2060]",115
"(2060, 2070]",97
"(2070, 2080]",92
"(2080, 2090]",102
"(2090, 2100]",79
"(2100, 2110]",95
"(2110, 2120]",105
"(2120, 2130]",97
"(2130, 2140]",103
"(2140, 2150]",101
"(2150, 2160]",70
"(2160, 2170]",98
"(2170, 2180]",74
"(2180, 2190]",95
"(2190, 2200]",78
"(2200, 2210]",65
"(2210, 2220]",79
"(2220, 2230]",64
"(2230, 2240]",77
"(2240, 2250]",79
"(2250, 2260]",78
"(2260, 2270]",51
"(2270, 2280]",64
"(2280, 2290]",77
"(2290, 2300]",65
"(2300, 2310]",56
"(2310, 2320]",71
"(2320, 2330]",64
"(2330, 2340]",69
"(2340, 2350]",78
"(2350, 2360]",53
"(2360, 2370]",66
"(2370, 2380]",58
"(2380, 2390]",50
"(2390, 2400]",52
"(2400, 2410]",59
"(2410, 2420]",61
"(2420, 2430]",55
"(2430, 2440]",59
"(2440, 2450]",58
"(2450, 2460]",50
"(2460, 2470]",65
"(2470, 2480]",51
"(2480, 2490]",64
"(2490, 2500]",47
"(2500, 2510]",55
"(2510, 2520]",53
"(2520, 2530]",41
"(2530, 2540]",52
"(2540, 2550]",37
"(2550, 2560]",54
"(2560, 2570]",38
"(2570, 2580]",54
"(2580, 2590]",38
"(2590, 2600]",52
"(2600, 2610]",47
"(2610, 2620]",47
"(2620, 2630]",42
"(2630, 2640]",39
"(2640, 2650]",49
"(2650, 2660]",43
"(2660, 2670]",36
"(2670, 2680]",41
"(2680, 2690]",42
"(2690, 2700]",41
"(2700, 2710]",48
"(2710, 2720]",31
"(2720, 2730]",44
"(2730, 2740]",39
"(2740, 2750]",35
"(2750, 2760]",42
"(2760, 2770]",34
"(2770, 2780]",37
"(2780, 2790]",33
"(2790, 2800]",30
"(2800, 2810]",26
"(2810, 2820]",34
"(2820, 2830]",28
"(2830, 2840]",27
"(2840, 2850]",38
"(2850, 2860]",24
"(2860, 2870]",29
"(2870, 2880]",24
"(2880, 2890]",19
"(2890, 2900]",34
"(2900, 2910]",36
"(2910, 2920]",34
"(2920, 2930]",28
"(2930, 2940]",24
"(2940, 2950]",29
"(2950, 2960]",33
"(2960, 2970]",23
"(2970, 2980]",25
"(2980, 2990]",25
"(2990, 3000]",30
"(3000, 3010]",20
"(3010, 3020]",19
"(3020, 3030]",34
"(3030, 3040]",17
"(3040, 3050]",28
"(3050, 3060]",23
"(3060, 3070]",27
"(3070, 3080]",24
"(3080, 3090]",27
"(3090, 3100]",21
"(3100, 3110]",26
"(3110, 3120]",29
"(3120, 3130]",16
"(3130, 3140]",19
"(3140, 3150]",10
"(3150, 3160]",17
"(3160, 3170]",19
"(3170, 3180]",18
"(3180, 3190]",13
"(3190, 3200]",27
"(3200, 3210]",22
"(3210, 3220]",16
"(3220, 3230]",14
"(3230, 3240]",18
"(3240, 3250]",20
"(3250, 3260]",23
"(3260, 3270]",23
"(3270, 3280]",12
"(3280, 3290]",18
"(3290, 3300]",16
"(3300, 3310]",14
"(3310, 3320]",18
"(3320, 3330]",18
"(3330, 3340]",26
"(3340, 3350]",16
"(3350, 3360]",15
"(3360, 3370]",23
"(3370, 3380]",17
"(3380, 3390]",17
"(3390, 3400]",12
"(3400, 3410]",12
"(3410, 3420]",17
"(3420, 3430]",13
"(3430, 3440]",16
"(3440, 3450]",18
"(3450, 3460]",10
"(3460, 3470]",11
"(3470, 3480]",9
"(3480, 3490]",12
"(3490, 3500]",12
"(3500, 3510]",13
"(3510, 3520]",14
"(3520, 3530]",11
"(3530, 3540]",18
"(3540, 3550]",9
"(3550, 3560]",22
"(3560, 3570]",8
"(3570, 3580]",23
"(3580, 3590]",12
"(3590, 3600]",6
"(3600, 3610]",12
"(3610, 3620]",12
"(3620, 3630]",15
"(3630, 3640]",12
"(3640, 3650]",18
"(3650, 3660]",13
"(3660, 3670]",12
"(3670, 3680]",10
"(3680, 3690]",15
"(3690, 3700]",12
"(3700, 3710]",13
"(3710, 3720]",8
"(3720, 3730]",7
"(3730, 3740]",12
"(3740, 3750]",14
"(3750, 3760]",6
"(3760, 3770]",8
"(3770, 3780]",7
"(3780, 3790]",2
"(3790, 3800]",9
"(3800, 3810]",7
"(3810, 3820]",5
"(3820, 3830]",7
"(3830, 3840]",8
"(3840, 3850]",9
"(3850, 3860]",6
"(3860, 3870]",8
"(3870, 3880]",9
"(3880, 3890]",11
"(3890, 3900]",8
"(3900, 3910]",5
"(3910, 3920]",6
"(3920, 3930]",7
"(3930, 3940]",8
"(3940, 3950]",7
"(3950, 3960]",2
"(3960, 3970]",3
"(3970, 3980]",9
"(3980, 3990]",7
"(3990, 4000]",8
"(4000, 4010]",9
"(4010, 4020]",10
"(4020, 4030]",5
"(4030, 4040]",4
"(4040, 4050]",6
"(4050, 4060]",9
"(4060, 4070]",4
"(4070, 4080]",3
"(4080, 4090]",8
"(4090, 4100]",8
"(4100, 4110]",10
"(4110, 4120]",9
"(4120, 4130]",7
"(4130, 4140]",10
"(4140, 4150]",6
"(4150, 4160]",3
"(4160, 4170]",3
"(4170, 4180]",1
"(4180, 4190]",6
"(4190, 4200]",4
"(4200, 4210]",4
"(4210, 4220]",3
"(4220, 4230]",5
"(4230, 4240]",8
"(4240, 4250]",4
"(4250, 4260]",6
"(4260, 4270]",5
"(4270, 4280]",2
"(4280, 4290]",2
"(4290, 4300]",7
"(4300, 4310]",2
"(4310, 4320]",6
"(4320, 4330]",5
"(4330, 4340]",4
"(4340, 4350]",3
"(4350, 4360]",3
"(4360, 4370]",6
"(4370, 4380]",4
"(4380, 4390]",3
"(4390, 4400]",6
"(4400, 4410]",3
"(4410, 4420]",3
"(4420, 4430]",2
"(4430, 4440]",1
"(4440, 4450]",3
"(4450, 4460]",3
"(4460, 4470]",4
"(4470, 4480]",6
"(4480, 4490]",2
"(4490, 4500]",4
"(4500, 4510]",4
"(4510, 4520]",5
"(4520, 4530]",1
"(4530, 4540]",2
"(4540, 4550]",3
"(4550, 4560]",2
"(4560, 4570]",2
"(4570, 4580]",3
"(4580, 4590]",7
"(4590, 4600]",8
"(4600, 4610]",4
"(4610, 4620]",3
"(4620, 4630]",1
"(4630, 4640]",1
"(4640, 4650]",2
"(4650, 4660]",1
"(4660, 4670]",4
"(4670, 4680]",6
"(4680, 4690]",5
"(4690, 4700]",3
"(4700, 4710]",3
"(4710, 4720]",2
"(4720, 4730]",1
"(4730, 4740]",3
"(4740, 4750]",1
"(4750, 4760]",1
"(4760, 4770]",1
"(4770, 4780]",3
"(4780, 4790]",2
"(4790, 4800]",3
"(4800, 4810]",1
"(4810, 4820]",2
"(4820, 4830]",2
"(4830, 4840]",4
"(4840, 4850]",4
"(4850, 4860]",4
"(4860, 4870]",5
"(4870, 4880]",4
"(4880, 4890]",1
"(4890, 4900]",2
"(4900, 4910]",5
"(4910, 4920]",2
"(4920, 4930]",2
"(4930, 4940]",2
"(4940, 4950]",3
"(4950, 4960]",2
"(4960, 4970]",4
"(4970, 4980]",1
"(4980, 4990]",1
"(4990, 5000]",1
"(5000, 5010]",3
"(5010, 5020]",2
"(5020, 5030]",4
"(5030, 5040]",5
"(5040, 5050]",2
"(5050, 5060]",1
"(5060, 5070]",1
"(5070, 5080]",0
"(5080, 5090]",1
"(5090, 5100]",0
"(5100, 5110]",1
"(5110, 5120]",2
"(5120, 5130]",1
"(5130, 5140]",2
"(5140, 5150]",0
"(5150, 5160]",0
"(5160, 5170]",3
"(5170, 5180]",3
"(5180, 5190]",1
"(5190, 5200]",1
"(5200, 5210]",2
"(5210, 5220]",1
"(5220, 5230]",0
"(5230, 5240]",0
"(5240, 5250]",0
"(5250, 5260]",0
"(5260, 5270]",2
"(5270, 5280]",2
"(5280, 5290]",0
"(5290, 5300]",1
"(5300, 5310]",5
"(5310, 5320]",1
"(5320, 5330]",0
"(5330, 5340]",0
"(5340, 5350]",0
"(5350, 5360]",0
"(5360, 5370]",0
"(5370, 5380]",2
"(5380, 5390]",0
"(5390, 5400]",0
"(5400, 5410]",0
"(5410, 5420]",0
"(5420, 5430]",2
"(5430, 5440]",0
"(5440, 5450]",3
"(5450, 5460]",0
"(5460, 5470]",3
"(5470, 5480]",1
"(5480, 5490]",1
"(5490, 5500]",0
"(5500, 5510]",1
"(5510, 5520]",1
"(5520, 5530]",1
"(5530, 5540]",2
"(5540, 5550]",0
"(5550, 5560]",1
"(5560, 5570]",0
"(5570, 5580]",2
"(5580, 5590]",1
"(5590, 5600]",0
"(5600, 5610]",1
"(5610, 5620]",1
"(5620, 5630]",2
"(5630, 5640]",1
"(5640, 5650]",2
"(5650, 5660]",2
"(5660, 5670]",0
"(5670, 5680]",1
"(5680, 5690]",0
"(5690, 5700]",1
"(5700, 5710]",0
"(5710, 5720]",3
"(5720, 5730]",0
"(5730, 5740]",2
"(5740, 5750]",0
"(5750, 5760]",0
"(5760, 5770]",0
"(5770, 5780]",0
"(5780, 5790]",0
"(5790, 5800]",1
"(5800, 5810]",0
"(5810, 5820]",1
"(5820, 5830]",0
"(5830, 5840]",1
"(5840, 5850]",1
"(5850, 5860]",0
"(5860, 5870]",1
"(5870, 5880]",0
"(5880, 5890]",1
"(5890, 5900]",0
"(5900, 5910]",0
"(5910, 5920]",1
"(5920, 5930]",0
"(5930, 5940]",0
"(5940, 5950]",1
"(5950, 5960]",2
"(5960, 5970]",1
"(5970, 5980]",1
"(5980, 5990]",0
"(5990, 6000]",1
"(6000, 6010]",1
"(6010, 6020]",0
"(6020, 6030]",2
"(6030, 6040]",0
"(6040, 6050]",0
"(6050, 6060]",0
"(6060, 6070]",0
"(6070, 6080]",0
"(6080, 6090]",0
"(6090, 6100]",0
"(6100, 6110]",0
"(6110, 6120]",0
"(6120, 6130]",0
"(6130, 6140]",0
"(6140, 6150]",2
"(6150, 6160]",1
"(6160, 6170]",1
"(6170, 6180]",1
"(6180, 6190]",0
"(6190, 6200]",2
"(6200, 6210]",0
"(6210, 6220]",0
"(6220, 6230]",0
"(6230, 6240]",0
"(6240, 6250]",0
"(6250, 6260]",0
"(6260, 6270]",1
"(6270, 6280]",0
"(6280, 6290]",0
"(6290, 6300]",0
"(6300, 6310]",0
"(6310, 6320]",0
"(6320, 6330]",1
"(6330, 6340]",0
"(6340, 6350]",0
"(6350, 6360]",0
"(6360, 6370]",0
"(6370, 6380]",1
"(6380, 6390]",0
"(6390, 6400]",1
"(6400, 6410]",1
"(6410, 6420]",1
"(6420, 6430]",0
"(6430, 6440]",1
"(6440, 6450]",0
"(6450, 6460]",0
"(6460, 6470]",0
"(6470, 6480]",0
"(6480, 6490]",0
"(6490, 6500]",1
"(6500, 6510]",1
"(6510, 6520]",0
"(6520, 6530]",1
"(6530, 6540]",0
"(6540, 6550]",1
"(6550, 6560]",1
"(6560, 6570]",0
"(6570, 6580]",0
"(6580, 6590]",0
"(6590, 6600]",1
"(6600, 6610]",0
"(6610, 6620]",0
"(6620, 6630]",0
"(6630, 6640]",0
"(6640, 6650]",1
"(6650, 6660]",1
"(6660, 6670]",0
"(6670, 6680]",1
"(6680, 6690]",0
"(6690, 6700]",1
"(6700, 6710]",1
"(6710, 6720]",0
"(6720, 6730]",0
"(6730, 6740]",0
"(6740, 6750]",0
"(6750, 6760]",0
"(6760, 6770]",1
"(6770, 6780]",0
"(6780, 6790]",4
"(6790, 6800]",0
"(6800, 6810]",1
"(6810, 6820]",0
"(6820, 6830]",0
"(6830, 6840]",2
"(6840, 6850]",0
"(6850, 6860]",0
"(6860, 6870]",0
"(6870, 6880]",0
"(6880, 6890]",0
"(6890, 6900]",0
"(6900, 6910]",1
"(6910, 6920]",1
"(6920, 6930]",0
"(6930, 6940]",0
"(6940, 6950]",1
"(6950, 6960]",1
"(6960, 6970]",0
"(6970, 6980]",0
"(6980, 6990]",0
"(6990, 7000]",1
"(7000, 7010]",0
"(7010, 7020]",0
"(7020, 7030]",0
"(7030, 7040]",0
"(7040, 7050]",0
"(7050, 7060]",0
"(7060, 7070]",1
"(7070, 7080]",0
"(7080, 7090]",0
"(7090, 7100]",0
"(7100, 7110]",0
"(7110, 7120]",0
"(7120, 7130]",0
"(7130, 7140]",0
"(7140, 7150]",0
"(7150, 7160]",0
"(7160, 7170]",0
"(7170, 7180]",0
"(7180, 7190]",0
"(7190, 7200]",0
"(7200, 7210]",0
"(7210, 7220]",0
"(7220, 7230]",0
"(7230, 7240]",0
"(7240, 7250]",0
"(7250, 7260]",0
"(7260, 7270]",1
"(7270, 7280]",0
"(7280, 7290]",0
"(7290, 7300]",1
"(7300, 7310]",0
"(7310, 7320]",0
"(7320, 7330]",0
"(7330, 7340]",0
"(7340, 7350]",0
"(7350, 7360]",0
"(7360, 7370]",0
"(7370, 7380]",0
"(7380, 7390]",1
"(7390, 7400]",0
"(7400, 7410]",0
"(7410, 7420]",0
"(7420, 7430]",0
"(7430, 7440]",0
"(7440, 7450]",1
"(7450, 7460]",0
"(7460, 7470]",0
"(7470, 7480]",0
"(7480, 7490]",1
"(7490, 7500]",1
"(7500, 7510]",0
"(7510, 7520]",0
"(7520, 7530]",0
"(7530, 7540]",0
"(7540, 7550]",0
"(7550, 7560]",1
"(7560, 7570]",0
"(7570, 7580]",0
"(7580, 7590]",1
"(7590, 7600]",0
"(7600, 7610]",0
"(7610, 7620]",0
"(7620, 7630]",0
"(7630, 7640]",0
"(7640, 7650]",0
"(7650, 7660]",0
"(7660, 7670]",0
"(7670, 7680]",0
"(7680, 7690]",0
"(7690, 7700]",0
"(7700, 7710]",1
"(7710, 7720]",0
"(7720, 7730]",0
"(7730, 7740]",1
"(7740, 7750]",1
"(7750, 7760]",0
"(7760, 7770]",0
"(7770, 7780]",0
"(7780, 7790]",0
"(7790, 7800]",1
"(7800, 7810]",0
"(7810, 7820]",1
"(7820, 7830]",0
"(7830, 7840]",0
"(7840, 7850]",0
"(7850, 7860]",0
"(7860, 7870]",0
"(7870, 7880]",0
"(7880, 7890]",1
"(7890, 7900]",1
"(7900, 7910]",0
"(7910, 7920]",0
"(7920, 7930]",1
"(7930, 7940]",0
"(7940, 7950]",0
"(7950, 7960]",1
"(7960, 7970]",0
"(7970, 7980]",0
"(7980, 7990]",0
"(7990, 8000]",1
"(8000, 8010]",0
"(8010, 8020]",1
"(8020, 8030]",0
"(8030, 8040]",0
"(8040, 8050]",0
"(8050, 8060]",1
"(8060, 8070]",0
"(8070, 8080]",0
"(8080, 8090]",0
"(8090, 8100]",0
"(8100, 8110]",0
"(8110, 8120]",0
"(8120, 8130]",0
"(8130, 8140]",0
"(8140, 8150]",0
"(8150, 8160]",0
"(8160, 8170]",0
"(8170, 8180]",0
"(8180, 8190]",0
"(8190, 8200]",0
"(8200, 8210]",0
"(8210, 8220]",0
"(8220, 8230]",0
"(8230, 8240]",0
"(8240, 8250]",0
"(8250, 8260]",0
"(8260, 8270]",0
"(8270, 8280]",0
"(8280, 8290]",0
"(8290, 8300]",0
"(8300, 8310]",0
"(8310, 8320]",0
"(8320, 8330]",0
"(8330, 8340]",0
"(8340, 8350]",0
"(8350, 8360]",0
"(8360, 8370]",0
"(8370, 8380]",0
"(8380, 8390]",1
"(8390, 8400]",0
"(8400, 8410]",0
"(8410, 8420]",0
"(8420, 8430]",0
"(8430, 8440]",0
"(8440, 8450]",0
"(8450, 8460]",0
"(8460, 8470]",0
"(8470, 8480]",0
"(8480, 8490]",0
"(8490, 8500]",0
"(8500, 8510]",0
"(8510, 8520]",0
"(8520, 8530]",0
"(8530, 8540]",1
"(8540, 8550]",0
"(8550, 8560]",1
"(8560, 8570]",0
"(8570, 8580]",0
"(8580, 8590]",0
"(8590, 8600]",0
"(8600, 8610]",1
"(8610, 8620]",0
"(8620, 8630]",0
"(8630, 8640]",0
"(8640, 8650]",0
"(8650, 8660]",0
"(8660, 8670]",0
"(8670, 8680]",0
"(8680, 8690]",0
"(8690, 8700]",0
"(8700, 8710]",0
"(8710, 8720]",0
"(8720, 8730]",0
"(8730, 8740]",0
"(8740, 8750]",0
"(8750, 8760]",0
"(8760, 8770]",0
"(8770, 8780]",0
"(8780, 8790]",0
"(8790, 8800]",0
"(8800, 8810]",0
"(8810, 8820]",0
"(8820, 8830]",0
"(8830, 8840]",0
"(8840, 8850]",0
"(8850, 8860]",0
"(8860, 8870]",0
"(8870, 8880]",0
"(8880, 8890]",0
"(8890, 8900]",0
"(8900, 8910]",0
"(8910, 8920]",0
"(8920, 8930]",0
"(8930, 8940]",0
"(8940, 8950]",0
"(8950, 8960]",0
"(8960, 8970]",0
"(8970, 8980]",0
"(8980, 8990]",0
"(8990, 9000]",0
"(9000, 9010]",0
"(9010, 9020]",0
"(9020, 9030]",0
"(9030, 9040]",0
"(9040, 9050]",0
"(9050, 9060]",0
"(9060, 9070]",0
"(9070, 9080]",0
"(9080, 9090]",0
"(9090, 9100]",0
"(9100, 9110]",0
"(9110, 9120]",0
"(9120, 9130]",0
"(9130, 9140]",0
"(9140, 9150]",0
"(9150, 9160]",0
"(9160, 9170]",0
"(9170, 9180]",0
"(9180, 9190]",0
"(9190, 9200]",0
"(9200, 9210]",0
"(9210, 9220]",0
"(9220, 9230]",0
"(9230, 9240]",0
"(9240, 9250]",0
"(9250, 9260]",0
"(9260, 9270]",0
"(9270, 9280]",0
"(9280, 9290]",0
"(9290, 9300]",0
"(9300, 9310]",0
"(9310, 9320]",0
"(9320, 9330]",0
"(9330, 9340]",0
"(9340, 9350]",0
"(9350, 9360]",0
"(9360, 9370]",0
"(9370, 9380]",0
"(9380, 9390]",0
"(9390, 9400]",0
"(9400, 9410]",0
"(9410, 9420]",0
"(9420, 9430]",0
"(9430, 9440]",0
"(9440, 9450]",0
"(9450, 9460]",0
"(9460, 9470]",0
"(9470, 9480]",0
"(9480, 9490]",1
"(9490, 9500]",0
"(9500, 9510]",0
"(9510, 9520]",1
"(9520, 9530]",0
"(9530, 9540]",0
"(9540, 9550]",1
"(9550, 9560]",0
"(9560, 9570]",0
"(9570, 9580]",0
"(9580, 9590]",0
"(9590, 9600]",0
"(9600, 9610]",0
"(9610, 9620]",0
"(9620, 9630]",1
"(9630, 9640]",0
"(9640, 9650]",0
"(9650, 9660]",0
"(9660, 9670]",0
"(9670, 9680]",0
"(9680, 9690]",0
"(9690, 9700]",0
"(9700, 9710]",0
"(9710, 9720]",0
"(9720, 9730]",0
"(9730, 9740]",0
"(9740, 9750]",0
"(9750, 9760]",0
"(9760, 9770]",0
"(9770, 9780]",0
"(9780, 9790]",0
"(9790, 9800]",0
"(9800, 9810]",0
"(9810, 9820]",0
"(9820, 9830]",0
"(9830, 9840]",0
"(9840, 9850]",0
"(9850, 9860]",0
"(9860, 9870]",0
"(9870, 9880]",0
"(9880, 9890]",0
"(9890, 9900]",0
"(9900, 9910]",0
"(9910, 9920]",0
"(9920, 9930]",0
"(9930, 9940]",0
"(9940, 9950]",0
"(9950, 9960]",0
"(9960, 9970]",0
"(9970, 9980]",0
"(9980, 9990]",0
"(9990, 10000]",0
"(10000, 10010]",0
"(10010, 10020]",0
"(10020, 10030]",0
"(10030, 10040]",0
"(10040, 10050]",0
"(10050, 10060]",1
"(10060, 10070]",0
"(10070, 10080]",0
"(10080, 10090]",0
"(10090, 10100]",0
"(10100, 10110]",0
"(10110, 10120]",0
"(10120, 10130]",0
"(10130, 10140]",0
"(10140, 10150]",0
"(10150, 10160]",0
"(10160, 10170]",0
"(10170, 10180]",0
"(10180, 10190]",0
"(10190, 10200]",0
"(10200, 10210]",0
"(10210, 10220]",0
"(10220, 10230]",0
"(10230, 10240]",0
"(10240, 10250]",0
"(10250, 10260]",0
"(10260, 10270]",0
"(10270, 10280]",0
"(10280, 10290]",0
"(10290, 10300]",0
"(10300, 10310]",0
"(10310, 10320]",0
"(10320, 10330]",0
"(10330, 10340]",0
"(10340, 10350]",0
"(10350, 10360]",0
"(10360, 10370]",0
"(10370, 10380]",0
"(10380, 10390]",0
"(10390, 10400]",0
"(10400, 10410]",0
"(10410, 10420]",0
"(10420, 10430]",0
"(10430, 10440]",0
"(10440, 10450]",0
"(10450, 10460]",0
"(10460, 10470]",0
"(10470, 10480]",0
"(10480, 10490]",0
"(10490, 10500]",0
"(10500, 10510]",0
"(10510, 10520]",0
"(10520, 10530]",0
"(10530, 10540]",0
"(10540, 10550]",0
"(10550, 10560]",0
"(10560, 10570]",0
"(10570, 10580]",0
"(10580, 10590]",0
"(10590, 10600]",0
"(10600, 10610]",0
"(10610, 10620]",0
"(10620, 10630]",0
"(10630, 10640]",0
"(10640, 10650]",0
"(10650, 10660]",0
"(10660, 10670]",0
"(10670, 10680]",0
"(10680, 10690]",0
"(10690, 10700]",0
"(10700, 10710]",0
"(10710, 10720]",0
"(10720, 10730]",0
"(10730, 10740]",0
"(10740, 10750]",0
"(10750, 10760]",0
"(10760, 10770]",0
"(10770, 10780]",0
"(10780, 10790]",0
"(10790, 10800]",0
"(10800, 10810]",0
"(10810, 10820]",0
"(10820, 10830]",0
"(10830, 10840]",0
"(10840, 10850]",0
"(10850, 10860]",0
"(10860, 10870]",0
"(10870, 10880]",0
"(10880, 10890]",0
"(10890, 10900]",0
"(10900, 10910]",0
"(10910, 10920]",0
"(10920, 10930]",0
"(10930, 10940]",0
"(10940, 10950]",0
"(10950, 10960]",0
"(10960, 10970]",0
"(10970, 10980]",0
"(10980, 10990]",0
"(10990, 11000]",0
"(11000, 11010]",0
"(11010, 11020]",0
"(11020, 11030]",0
"(11030, 11040]",0
"(11040, 11050]",0
"(11050, 11060]",0
"(11060, 11070]",0
"(11070, 11080]",0
"(11080, 11090]",0
"(11090, 11100]",0
"(11100, 11110]",0
"(11110, 11120]",0
"(11120, 11130]",0
"(11130, 11140]",0
"(11140, 11150]",0
"(11150, 11160]",0
"(11160, 11170]",0
"(11170, 11180]",0
"(11180, 11190]",0
"(11190, 11200]",0
"(11200, 11210]",0
"(11210, 11220]",0
"(11220, 11230]",0
"(11230, 11240]",0
"(11240, 11250]",0
"(11250, 11260]",0
"(11260, 11270]",0
"(11270, 11280]",0
"(11280, 11290]",0
"(11290, 11300]",0
"(11300, 11310]",0
"(11310, 11320]",0
"(11320, 11330]",0
"(11330, 11340]",0
"(11340, 11350]",0
"(11350, 11360]",0
"(11360, 11370]",0
"(11370, 11380]",0
"(11380, 11390]",0
"(11390, 11400]",0
"(11400, 11410]",0
"(11410, 11420]",0
"(11420, 11430]",0
"(11430, 11440]",0
"(11440, 11450]",0
"(11450, 11460]",0
"(11460, 11470]",0
"(11470, 11480]",0
"(11480, 11490]",0
"(11490, 11500]",0
"(11500, 11510]",0
"(11510, 11520]",0
"(11520, 11530]",0
"(11530, 11540]",0
"(11540, 11550]",0
"(11550, 11560]",0
"(11560, 11570]",0
"(11570, 11580]",0
"(11580, 11590]",0
"(11590, 11600]",0
"(11600, 11610]",0
"(11610, 11620]",0
"(11620, 11630]",0
"(11630, 11640]",0
"(11640, 11650]",0
"(11650, 11660]",0
"(11660, 11670]",0
"(11670, 11680]",0
"(11680, 11690]",0
"(11690, 11700]",0
"(11700, 11710]",0
"(11710, 11720]",0
"(11720, 11730]",0
"(11730, 11740]",0
"(11740, 11750]",0
"(11750, 11760]",0
"(11760, 11770]",0
"(11770, 11780]",0
"(11780, 11790]",0
"(11790, 11800]",0
"(11800, 11810]",0
"(11810, 11820]",0
"(11820, 11830]",0
"(11830, 11840]",0
"(11840, 11850]",1
"(11850, 11860]",0
"(11860, 11870]",0
"(11870, 11880]",0
"(11880, 11890]",0
"(11890, 11900]",0
"(11900, 11910]",0
"(11910, 11920]",0
"(11920, 11930]",0
"(11930, 11940]",0
"(11940, 11950]",1
"(11950, 11960]",0
"(11960, 11970]",0
"(11970, 11980]",0
"(11980, 11990]",0
"(11990, 12000]",0
"(12000, 12010]",0
"(12010, 12020]",0
"(12020, 12030]",0
"(12030, 12040]",0
"(12040, 12050]",1
"(12050, 12060]",0
"(12060, 12070]",0
"(12070, 12080]",0
"(12080, 12090]",0
"(12090, 12100]",0
"(12100, 12110]",0
"(12110, 12120]",0
"(12120, 12130]",0
"(12130, 12140]",0
"(12140, 12150]",0
"(12150, 12160]",0
"(12160, 12170]",0
"(12170, 12180]",0
"(12180, 12190]",0
"(12190, 12200]",0
"(12200, 12210]",0
"(12210, 12220]",0
"(12220, 12230]",0
"(12230, 12240]",0
"(12240, 12250]",0
"(12250, 12260]",0
"(12260, 12270]",0
"(12270, 12280]",0
"(12280, 12290]",0
"(12290, 12300]",0
"(12300, 12310]",0
"(12310, 12320]",0
"(12320, 12330]",0
"(12330, 12340]",0
"(12340, 12350]",0
"(12350, 12360]",0
"(12360, 12370]",0
"(12370, 12380]",0
"(12380, 12390]",0
"(12390, 12400]",0
"(12400, 12410]",0
"(12410, 12420]",0
"(12420, 12430]",0
"(12430, 12440]",0
"(12440, 12450]",0
"(12450, 12460]",0
"(12460, 12470]",0
"(12470, 12480]",0
"(12480, 12490]",0
"(12490, 12500]",0
"(12500, 12510]",0
"(12510, 12520]",0
"(12520, 12530]",0
"(12530, 12540]",0
"(12540, 12550]",0
"(12550, 12560]",0
"(12560, 12570]",0
"(12570, 12580]",0
"(12580, 12590]",0
"(12590, 12600]",0
"(12600, 12610]",0
"(12610, 12620]",0
"(12620, 12630]",0
"(12630, 12640]",0
"(12640, 12650]",0
"(12650, 12660]",0
"(12660, 12670]",0
"(12670, 12680]",0
"(12680, 12690]",0
"(12690, 12700]",1
"(12700, 12710]",0
"(12710, 12720]",0
"(12720, 12730]",1
"(12730, 12740]",0
"(12740, 12750]",0
"(12750, 12760]",1
"(12760, 12770]",0
"(12770, 12780]",0
"(12780, 12790]",0
"(12790, 12800]",0
"(12800, 12810]",0
"(12810, 12820]",0
"(12820, 12830]",0
"(12830, 12840]",0
"(12840, 12850]",0
"(12850, 12860]",0
"(12860, 12870]",0
"(12870, 12880]",0
"(12880, 12890]",0
"(12890, 12900]",0
"(12900, 12910]",0
"(12910, 12920]",0
"(12920, 12930]",0
"(12930, 12940]",0
"(12940, 12950]",0
"(12950, 12960]",0
"(12960, 12970]",0
"(12970, 12980]",0
"(12980, 12990]",0
"(12990, 13000]",0
"(13000, 13010]",0
"(13010, 13020]",0
"(13020, 13030]",0
"(13030, 13040]",0
"(13040, 13050]",0
"(13050, 13060]",0
"(13060, 13070]",0
"(13070, 13080]",0
"(13080, 13090]",0
"(13090, 13100]",0
"(13100, 13110]",0
"(13110, 13120]",0
"(13120, 13130]",0
"(13130, 13140]",0
"(13140, 13150]",0
"(13150, 13160]",0
"(13160, 13170]",0
"(13170, 13180]",0
"(13180, 13190]",0
"(13190, 13200]",0
"(13200, 13210]",0
"(13210, 13220]",0
"(13220, 13230]",0
"(13230, 13240]",0
"(13240, 13250]",0
"(13250, 13260]",0
"(13260, 13270]",0
"(13270, 13280]",0
"(13280, 13290]",0
"(13290, 13300]",0
"(13300, 13310]",0
"(13310, 13320]",0
"(13320, 13330]",0
"(13330, 13340]",0
"(13340, 13350]",0
"(13350, 13360]",0
"(13360, 13370]",0
"(13370, 13380]",1
"(13380, 13390]",0
"(13390, 13400]",0
"(13400, 13410]",0
"(13410, 13420]",0
"(13420, 13430]",0
"(13430, 13440]",0
"(13440, 13450]",0
"(13450, 13460]",0
"(13460, 13470]",0
"(13470, 13480]",0
"(13480, 13490]",0
"(13490, 13500]",0
"(13500, 13510]",0
"(13510, 13520]",0
"(13520, 13530]",0
"(13530, 13540]",0
"(13540, 13550]",0
"(13550, 13560]",0
"(13560, 13570]",0
"(13570, 13580]",0
"(13580, 13590]",0
"(13590, 13600]",0
"(13600, 13610]",0
"(13610, 13620]",0
"(13620, 13630]",0
"(13630, 13640]",0
"(13640, 13650]",0
"(13650, 13660]",0
"(13660, 13670]",1
"(13670, 13680]",0
"(13680, 13690]",1
"(13690, 13700]",0
"(13700, 13710]",0
"(13710, 13720]",0
"(13720, 13730]",0
"(13730, 13740]",0
"(13740, 13750]",0
"(13750, 13760]",0
"(13760, 13770]",0
"(13770, 13780]",0
"(13780, 13790]",0
"(13790, 13800]",0
"(13800, 13810]",0
"(13810, 13820]",0
"(13820, 13830]",0
"(13830, 13840]",0
"(13840, 13850]",0
"(13850, 13860]",0
"(13860, 13870]",0
"(13870, 13880]",0
"(13880, 13890]",0
"(13890, 13900]",0
"(13900, 13910]",0
"(13910, 13920]",0
"(13920, 13930]",0
"(13930, 13940]",0
"(13940, 13950]",0
"(13950, 13960]",0
"(13960, 13970]",0
"(13970, 13980]",0
"(13980, 13990]",0
"(13990, 14000]",0
"(14000, 14010]",0
"(14010, 14020]",0
"(14020, 14030]",0
"(14030, 14040]",0
"(14040, 14050]",0
"(14050, 14060]",0
"(14060, 14070]",0
"(14070, 14080]",0
"(14080, 14090]",0
"(14090, 14100]",0
"(14100, 14110]",0
"(14110, 14120]",0
"(14120, 14130]",0
"(14130, 14140]",0
"(14140, 14150]",0
"(14150, 14160]",0
"(14160, 14170]",0
"(14170, 14180]",0
"(14180, 14190]",0
"(14190, 14200]",0
"(14200, 14210]",0
"(14210, 14220]",1
"(14220, 14230]",0
"(14230, 14240]",0
"(14240, 14250]",0
"(14250, 14260]",0
"(14260, 14270]",0
"(14270, 14280]",0
"(14280, 14290]",0
"(14290, 14300]",0
"(14300, 14310]",0
"(14310, 14320]",0
"(14320, 14330]",0
"(14330, 14340]",0
"(14340, 14350]",0
"(14350, 14360]",0
"(14360, 14370]",0
"(14370, 14380]",0
"(14380, 14390]",0
"(14390, 14400]",0
"(14400, 14410]",0
"(14410, 14420]",0
"(14420, 14430]",0
"(14430, 14440]",0
"(14440, 14450]",0
"(14450, 14460]",0
"(14460, 14470]",0
"(14470, 14480]",0
"(14480, 14490]",0
"(14490, 14500]",0
"(14500, 14510]",0
"(14510, 14520]",0
"(14520, 14530]",0
"(14530, 14540]",0
"(14540, 14550]",1
"(14550, 14560]",0
"(14560, 14570]",0
"(14570, 14580]",0
"(14580, 14590]",0
"(14590, 14600]",0
"(14600, 14610]",0
"(14610, 14620]",0
"(14620, 14630]",0
"(14630, 14640]",0
"(14640, 14650]",0
"(14650, 14660]",0
"(14660, 14670]",0
"(14670, 14680]",0
"(14680, 14690]",0
"(14690, 14700]",0
"(14700, 14710]",0
"(14710, 14720]",0
"(14720, 14730]",0
"(14730, 14740]",0
"(14740, 14750]",0
"(14750, 14760]",0
"(14760, 14770]",0
"(14770, 14780]",0
"(14780, 14790]",0
"(14790, 14800]",0
"(14800, 14810]",0
"(14810, 14820]",0
"(14820, 14830]",0
"(14830, 14840]",0
"(14840, 14850]",0
"(14850, 14860]",0
"(14860, 14870]",0
"(14870, 14880]",0
"(14880, 14890]",0
"(14890, 14900]",0
"(14900, 14910]",0
"(14910, 14920]",0
"(14920, 14930]",0
"(14930, 14940]",0
"(14940, 14950]",0
"(14950, 14960]",0
"(14960, 14970]",0
"(14970, 14980]",0
"(14980, 14990]",0
"(14990, 15000]",0
"(15000, 15010]",0
"(15010, 15020]",0
"(15020, 15030]",0
"(15030, 15040]",0
"(15040, 15050]",0
"(15050, 15060]",0
"(15060, 15070]",0
"(15070, 15080]",0
"(15080, 15090]",0
"(15090, 15100]",0
"(15100, 15110]",1
"(15110, 15120]",0
"(15120, 15130]",0
"(15130, 15140]",0
"(15140, 15150]",0
"(15150, 15160]",0
"(15160, 15170]",0
"(15170, 15180]",0
"(15180, 15190]",0
"(15190, 15200]",0
"(15200, 15210]",0
"(15210, 15220]",0
"(15220, 15230]",0
"(15230, 15240]",0
"(15240, 15250]",0
"(15250, 15260]",0
"(15260, 15270]",0
"(15270, 15280]",0
"(15280, 15290]",0
"(15290, 15300]",0
"(15300, 15310]",0
"(15310, 15320]",0
"(15320, 15330]",0
"(15330, 15340]",0
"(15340, 15350]",0
"(15350, 15360]",0
"(15360, 15370]",0
"(15370, 15380]",0
"(15380, 15390]",0
"(15390, 15400]",0
"(15400, 15410]",0
"(15410, 15420]",0
"(15420, 15430]",0
"(15430, 15440]",0
"(15440, 15450]",0
"(15450, 15460]",0
"(15460, 15470]",0
"(15470, 15480]",0
"(15480, 15490]",0
"(15490, 15500]",0
"(15500, 15510]",0
"(15510, 15520]",0
"(15520, 15530]",0
"(15530, 15540]",0
"(15540, 15550]",0
"(15550, 15560]",0
"(15560, 15570]",1
"(15570, 15580]",0
"(15580, 15590]",0
"(15590, 15600]",0
"(15600, 15610]",0
"(15610, 15620]",0
"(15620, 15630]",0
"(15630, 15640]",0
"(15640, 15650]",0
"(15650, 15660]",0
"(15660, 15670]",0
"(15670, 15680]",0
"(15680, 15690]",0
"(15690, 15700]",0
"(15700, 15710]",0
"(15710, 15720]",0
"(15720, 15730]",0
"(15730, 15740]",0
"(15740, 15750]",0
"(15750, 15760]",0
"(15760, 15770]",0
"(15770, 15780]",0
"(15780, 15790]",0
"(15790, 15800]",0
"(15800, 15810]",0
"(15810, 15820]",0
"(15820, 15830]",0
"(15830, 15840]",0
"(15840, 15850]",0
"(15850, 15860]",0
"(15860, 15870]",0
"(15870, 15880]",0
"(15880, 15890]",0
"(15890, 15900]",0
"(15900, 15910]",0
"(15910, 15920]",0
"(15920, 15930]",0
"(15930, 15940]",0
"(15940, 15950]",0
"(15950, 15960]",0
"(15960, 15970]",0
"(15970, 15980]",0
"(15980, 15990]",0
"(15990, 16000]",0
"(16000, 16010]",0
"(16010, 16020]",0
"(16020, 16030]",0
"(16030, 16040]",0
"(16040, 16050]",0
"(16050, 16060]",0
"(16060, 16070]",0
"(16070, 16080]",0
"(16080, 16090]",0
"(16090, 16100]",0
"(16100, 16110]",0
"(16110, 16120]",0
"(16120, 16130]",0
"(16130, 16140]",0
"(16140, 16150]",0
"(16150, 16160]",0
"(16160, 16170]",0
"(16170, 16180]",0
"(16180, 16190]",0
"(16190, 16200]",0
"(16200, 16210]",0
"(16210, 16220]",0
"(16220, 16230]",0
"(16230, 16240]",0
"(16240, 16250]",0
"(16250, 16260]",0
"(16260, 16270]",0
"(16270, 16280]",0
"(16280, 16290]",0
"(16290, 16300]",0
"(16300, 16310]",0
"(16310, 16320]",0
"(16320, 16330]",0
"(16330, 16340]",0
"(16340, 16350]",0
"(16350, 16360]",0
"(16360, 16370]",0
"(16370, 16380]",0
"(16380, 16390]",0
"(16390, 16400]",0
"(16400, 16410]",0
"(16410, 16420]",0
"(16420, 16430]",0
"(16430, 16440]",0
"(16440, 16450]",0
"(16450, 16460]",0
"(16460, 16470]",0
"(16470, 16480]",0
"(16480, 16490]",0
"(16490, 16500]",0
"(16500, 16510]",0
"(16510, 16520]",0
"(16520, 16530]",0
"(16530, 16540]",0
"(16540, 16550]",0
"(16550, 16560]",0
"(16560, 16570]",0
"(16570, 16580]",0
"(16580, 16590]",0
"(16590, 16600]",0
"(16600, 16610]",0
"(16610, 16620]",0
"(16620, 16630]",0
"(16630, 16640]",0
"(16640, 16650]",0
"(16650, 16660]",0
"(16660, 16670]",0
"(16670, 16680]",0
"(16680, 16690]",0
"(16690, 16700]",0
"(16700, 16710]",0
"(16710, 16720]",0
"(16720, 16730]",0
"(16730, 16740]",0
"(16740, 16750]",0
"(16750, 16760]",0
"(16760, 16770]",0
"(16770, 16780]",0
"(16780, 16790]",0
"(16790, 16800]",0
"(16800, 16810]",0
"(16810, 16820]",0
"(16820, 16830]",0
"(16830, 16840]",0
"(16840, 16850]",0
"(16850, 16860]",0
"(16860, 16870]",0
"(16870, 16880]",0
"(16880, 16890]",0
"(16890, 16900]",0
"(16900, 16910]",0
"(16910, 16920]",0
"(16920, 16930]",0
"(16930, 16940]",0
"(16940, 16950]",0
"(16950, 16960]",0
"(16960, 16970]",0
"(16970, 16980]",0
"(16980, 16990]",0
"(16990, 17000]",0
"(17000, 17010]",0
"(17010, 17020]",0
"(17020, 17030]",0
"(17030, 17040]",0
"(17040, 17050]",0
"(17050, 17060]",0
"(17060, 17070]",0
"(17070, 17080]",0
"(17080, 17090]",0
"(17090, 17100]",0
"(17100, 17110]",0
"(17110, 17120]",0
"(17120, 17130]",0
"(17130, 17140]",0
"(17140, 17150]",0
"(17150, 17160]",0
"(17160, 17170]",0
"(17170, 17180]",0
"(17180, 17190]",0
"(17190, 17200]",0
"(17200, 17210]",0
"(17210, 17220]",0
"(17220, 17230]",0
"(17230, 17240]",0
"(17240, 17250]",0
"(17250, 17260]",0
"(17260, 17270]",0
"(17270, 17280]",0
"(17280, 17290]",0
"(17290, 17300]",0
"(17300, 17310]",0
"(17310, 17320]",0
"(17320, 17330]",0
"(17330, 17340]",0
"(17340, 17350]",0
"(17350, 17360]",0
"(17360, 17370]",0
"(17370, 17380]",0
"(17380, 17390]",0
"(17390, 17400]",0
"(17400, 17410]",0
"(17410, 17420]",0
"(17420, 17430]",0
"(17430, 17440]",0
"(17440, 17450]",0
"(17450, 17460]",0
"(17460, 17470]",0
"(17470, 17480]",0
"(17480, 17490]",0
"(17490, 17500]",0
"(17500, 17510]",0
"(17510, 17520]",0
"(17520, 17530]",0
"(17530, 17540]",0
"(17540, 17550]",0
"(17550, 17560]",0
"(17560, 17570]",0
"(17570, 17580]",0
"(17580, 17590]",0
"(17590, 17600]",0
"(17600, 17610]",0
"(17610, 17620]",0
"(17620, 17630]",0
"(17630, 17640]",0
"(17640, 17650]",0
"(17650, 17660]",0
"(17660, 17670]",0
"(17670, 17680]",0
"(17680, 17690]",0
"(17690, 17700]",0
"(17700, 17710]",0
"(17710, 17720]",0
"(17720, 17730]",0
"(17730, 17740]",0
"(17740, 17750]",0
"(17750, 17760]",0
"(17760, 17770]",0
"(17770, 17780]",0
"(17780, 17790]",0
"(17790, 17800]",0
"(17800, 17810]",0
"(17810, 17820]",0
"(17820, 17830]",0
"(17830, 17840]",0
"(17840, 17850]",0
"(17850, 17860]",0
"(17860, 17870]",0
"(17870, 17880]",0
"(17880, 17890]",0
"(17890, 17900]",0
"(17900, 17910]",0
"(17910, 17920]",0
"(17920, 17930]",0
"(17930, 17940]",0
"(17940, 17950]",0
"(17950, 17960]",0
"(17960, 17970]",0
"(17970, 17980]",0
"(17980, 17990]",0
"(17990, 18000]",0
"(18000, 18010]",0
"(18010, 18020]",0
"(18020, 18030]",0
"(18030, 18040]",0
"(18040, 18050]",0
"(18050, 18060]",0
"(18060, 18070]",0
"(18070, 18080]",0
"(18080, 18090]",0
"(18090, 18100]",0
"(18100, 18110]",0
"(18110, 18120]",0
"(18120, 18130]",0
"(18130, 18140]",0
"(18140, 18150]",0
"(18150, 18160]",0
"(18160, 18170]",0
"(18170, 18180]",0
"(18180, 18190]",0
"(18190, 18200]",0
"(18200, 18210]",0
"(18210, 18220]",0
"(18220, 18230]",0
"(18230, 18240]",0
"(18240, 18250]",0
"(18250, 18260]",0
"(18260, 18270]",0
"(18270, 18280]",0
"(18280, 18290]",0
"(18290, 18300]",0
"(18300, 18310]",0
"(18310, 18320]",0
"(18320, 18330]",0
"(18330, 18340]",0
"(18340, 18350]",0
"(18350, 18360]",0
"(18360, 18370]",0
"(18370, 18380]",0
"(18380, 18390]",0
"(18390, 18400]",0
"(18400, 18410]",0
"(18410, 18420]",0
"(18420, 18430]",0
"(18430, 18440]",0
"(18440, 18450]",0
"(18450, 18460]",0
"(18460, 18470]",0
"(18470, 18480]",0
"(18480, 18490]",0
"(18490, 18500]",0
"(18500, 18510]",0
"(18510, 18520]",0
"(18520, 18530]",0
"(18530, 18540]",0
"(18540, 18550]",0
"(18550, 18560]",0
"(18560, 18570]",0
"(18570, 18580]",0
"(18580, 18590]",0
"(18590, 18600]",0
"(18600, 18610]",0
"(18610, 18620]",0
"(18620, 18630]",0
"(18630, 18640]",0
"(18640, 18650]",0
"(18650, 18660]",0
"(18660, 18670]",0
"(18670, 18680]",0
"(18680, 18690]",0
"(18690, 18700]",0
"(18700, 18710]",0
"(18710, 18720]",0
"(18720, 18730]",0
"(18730, 18740]",0
"(18740, 18750]",0
"(18750, 18760]",0
"(18760, 18770]",0
"(18770, 18780]",0
"(18780, 18790]",0
"(18790, 18800]",0
"(18800, 18810]",0
"(18810, 18820]",0
"(18820, 18830]",0
"(18830, 18840]",0
"(18840, 18850]",0
"(18850, 18860]",0
"(18860, 18870]",0
"(18870, 18880]",0
"(18880, 18890]",0
"(18890, 18900]",0
"(18900, 18910]",0
"(18910, 18920]",0
"(18920, 18930]",0
"(18930, 18940]",0
"(18940, 18950]",0
"(18950, 18960]",0
"(18960, 18970]",0
"(18970, 18980]",0
"(18980, 18990]",0
"(18990, 19000]",0
"(19000, 19010]",0
"(19010, 19020]",0
"(19020, 19030]",0
"(19030, 19040]",0
"(19040, 19050]",0
"(19050, 19060]",0
"(19060, 19070]",0
"(19070, 19080]",0
"(19080, 19090]",0
"(19090, 19100]",0
"(19100, 19110]",0
"(19110, 19120]",0
"(19120, 19130]",0
"(19130, 19140]",0
"(19140, 19150]",0
"(19150, 19160]",0
"(19160, 19170]",0
"(19170, 19180]",0
"(19180, 19190]",0
"(19190, 19200]",0
"(19200, 19210]",0
"(19210, 19220]",0
"(19220, 19230]",0
"(19230, 19240]",0
"(19240, 19250]",0
"(19250, 19260]",0
"(19260, 19270]",0
"(19270, 19280]",0
"(19280, 19290]",0
"(19290, 19300]",0
"(19300, 19310]",0
"(19310, 19320]",0
"(19320, 19330]",0
"(19330, 19340]",0
"(19340, 19350]",0
"(19350, 19360]",0
"(19360, 19370]",0
"(19370, 19380]",0
"(19380, 19390]",0
"(19390, 19400]",0
"(19400, 19410]",0
"(19410, 19420]",0
"(19420, 19430]",0
"(19430, 19440]",0
"(19440, 19450]",0
"(19450, 19460]",0
"(19460, 19470]",0
"(19470, 19480]",0
"(19480, 19490]",0
"(19490, 19500]",0
"(19500, 19510]",0
"(19510, 19520]",0
"(19520, 19530]",0
"(19530, 19540]",0
"(19540, 19550]",0
"(19550, 19560]",0
"(19560, 19570]",0
"(19570, 19580]",0
"(19580, 19590]",0
"(19590, 19600]",0
"(19600, 19610]",0
"(19610, 19620]",0
"(19620, 19630]",0
"(19630, 19640]",0
"(19640, 19650]",0
"(19650, 19660]",0
"(19660, 19670]",0
"(19670, 19680]",0
"(19680, 19690]",0
"(19690, 19700]",0
"(19700, 19710]",0
"(19710, 19720]",0
"(19720, 19730]",0
"(19730, 19740]",0
"(19740, 19750]",0
"(19750, 19760]",0
"(19760, 19770]",0
"(19770, 19780]",0
"(19780, 19790]",0
"(19790, 19800]",0
"(19800, 19810]",0
"(19810, 19820]",0
"(19820, 19830]",0
"(19830, 19840]",0
"(19840, 19850]",0
"(19850, 19860]",0
"(19860, 19870]",0
"(19870, 19880]",0
"(19880, 19890]",0
"(19890, 19900]",0
"(19900, 19910]",0
"(19910, 19920]",0
"(19920, 19930]",0
"(19930, 19940]",0
"(19940, 19950]",0
"(19950, 19960]",0
"(19960, 19970]",0
"(19970, 19980]",0
"(19980, 19990]",0
"(19990, 20000]",0
"(20000, 20010]",0
"(20010, 20020]",0
"(20020, 20030]",0
"(20030, 20040]",0
"(20040, 20050]",0
"(20050, 20060]",0
"(20060, 20070]",0
"(20070, 20080]",0
"(20080, 20090]",0
"(20090, 20100]",0
"(20100, 20110]",0
"(20110, 20120]",0
"(20120, 20130]",0
"(20130, 20140]",0
"(20140, 20150]",0
"(20150, 20160]",0
"(20160, 20170]",0
"(20170, 20180]",0
"(20180, 20190]",0
"(20190, 20200]",0
"(20200, 20210]",0
"(20210, 20220]",0
"(20220, 20230]",0
"(20230, 20240]",0
"(20240, 20250]",0
"(20250, 20260]",0
"(20260, 20270]",0
"(20270, 20280]",0
"(20280, 20290]",0
"(20290, 20300]",0
"(20300, 20310]",0
"(20310, 20320]",0
"(20320, 20330]",0
"(20330, 20340]",0
"(20340, 20350]",0
"(20350, 20360]",0
"(20360, 20370]",0
"(20370, 20380]",0
"(20380, 20390]",0
"(20390, 20400]",0
"(20400, 20410]",0
"(20410, 20420]",0
"(20420, 20430]",0
"(20430, 20440]",0
"(20440, 20450]",0
"(20450, 20460]",0
"(20460, 20470]",0
"(20470, 20480]",0
"(20480, 20490]",0
"(20490, 20500]",0
"(20500, 20510]",0
"(20510, 20520]",0
"(20520, 20530]",0
"(20530, 20540]",0
"(20540, 20550]",0
"(20550, 20560]",0
"(20560, 20570]",0
"(20570, 20580]",0
"(20580, 20590]",0
"(20590, 20600]",0
"(20600, 20610]",0
"(20610, 20620]",0
"(20620, 20630]",0
"(20630, 20640]",0
"(20640, 20650]",0
"(20650, 20660]",0
"(20660, 20670]",0
"(20670, 20680]",0
"(20680, 20690]",0
"(20690, 20700]",0
"(20700, 20710]",0
"(20710, 20720]",0
"(20720, 20730]",0
"(20730, 20740]",0
"(20740, 20750]",0
"(20750, 20760]",1
"(20760, 20770]",0
"(20770, 20780]",0
"(20780, 20790]",0
"(20790, 20800]",0
"(20800, 20810]",0
"(20810, 20820]",0
"(20820, 20830]",0
"(20830, 20840]",0
"(20840, 20850]",0
"(20850, 20860]",0
"(20860, 20870]",0
"(20870, 20880]",0
"(20880, 20890]",0
"(20890, 20900]",0
"(20900, 20910]",0
"(20910, 20920]",0
"(20920, 20930]",0
"(20930, 20940]",0
"(20940, 20950]",0
"(20950, 20960]",0
"(20960, 20970]",0
"(20970, 20980]",0
"(20980, 20990]",0
"(20990, 21000]",0
"(21000, 21010]",0
"(21010, 21020]",0
"(21020, 21030]",0
"(21030, 21040]",0
"(21040, 21050]",0
"(21050, 21060]",0
"(21060, 21070]",0
"(21070, 21080]",0
"(21080, 21090]",0
"(21090, 21100]",0
"(21100, 21110]",0
"(21110, 21120]",0
"(21120, 21130]",0
"(21130, 21140]",0
"(21140, 21150]",0
"(21150, 21160]",0
"(21160, 21170]",0
"(21170, 21180]",0
"(21180, 21190]",0
"(21190, 21200]",0
"(21200, 21210]",0
"(21210, 21220]",0
"(21220, 21230]",0
"(21230, 21240]",0
"(21240, 21250]",0
"(21250, 21260]",0
"(21260, 21270]",0
"(21270, 21280]",0
"(21280, 21290]",0
"(21290, 21300]",0
"(21300, 21310]",0
"(21310, 21320]",0
"(21320, 21330]",0
"(21330, 21340]",0
"(21340, 21350]",0
"(21350, 21360]",0
"(21360, 21370]",0
"(21370, 21380]",0
"(21380, 21390]",0
"(21390, 21400]",1
"(21400, 21410]",0
"(21410, 21420]",0
"(21420, 21430]",0
"(21430, 21440]",0
"(21440, 21450]",0
"(21450, 21460]",0
"(21460, 21470]",0
"(21470, 21480]",0
"(21480, 21490]",0
"(21490, 21500]",0
"(21500, 21510]",0
"(21510, 21520]",0
"(21520, 21530]",0
"(21530, 21540]",0
"(21540, 21550]",0
"(21550, 21560]",0
"(21560, 21570]",0
"(21570, 21580]",0
"(21580, 21590]",0
"(21590, 21600]",0
"(21600, 21610]",0
"(21610, 21620]",0
"(21620, 21630]",0
"(21630, 21640]",0
"(21640, 21650]",0
"(21650, 21660]",0
"(21660, 21670]",0
"(21670, 21680]",0
"(21680, 21690]",0
"(21690, 21700]",0
"(21700, 21710]",0
"(21710, 21720]",0
"(21720, 21730]",0
"(21730, 21740]",0
"(21740, 21750]",0
"(21750, 21760]",0
"(21760, 21770]",0
"(21770, 21780]",0
"(21780, 21790]",0
"(21790, 21800]",0
"(21800, 21810]",0
"(21810, 21820]",0
"(21820, 21830]",0
"(21830, 21840]",0
"(21840, 21850]",0
"(21850, 21860]",0
"(21860, 21870]",0
"(21870, 21880]",0
"(21880, 21890]",0
"(21890, 21900]",0
"(21900, 21910]",1
"(21910, 21920]",0
"(21920, 21930]",0
"(21930, 21940]",0
"(21940, 21950]",0
"(21950, 21960]",0
"(21960, 21970]",0
"(21970, 21980]",0
"(21980, 21990]",0
"(21990, 22000]",0
"(22000, 22010]",0
"(22010, 22020]",0
"(22020, 22030]",0
"(22030, 22040]",0
"(22040, 22050]",0
"(22050, 22060]",0
"(22060, 22070]",0
"(22070, 22080]",0
"(22080, 22090]",0
"(22090, 22100]",0
"(22100, 22110]",0
"(22110, 22120]",0
"(22120, 22130]",0
"(22130, 22140]",0
"(22140, 22150]",0
"(22150, 22160]",0
"(22160, 22170]",0
"(22170, 22180]",0
"(22180, 22190]",0
"(22190, 22200]",0
"(22200, 22210]",0
"(22210, 22220]",0
"(22220, 22230]",0
"(22230, 22240]",0
"(22240, 22250]",0
"(22250, 22260]",0
"(22260, 22270]",0
"(22270, 22280]",0
"(22280, 22290]",0
"(22290, 22300]",0
"(22300, 22310]",0
"(22310, 22320]",0
"(22320, 22330]",0
"(22330, 22340]",0
"(22340, 22350]",0
"(22350, 22360]",0
"(22360, 22370]",0
"(22370, 22380]",0
"(22380, 22390]",0
"(22390, 22400]",0
"(22400, 22410]",0
"(22410, 22420]",0
"(22420, 22430]",0
"(22430, 22440]",0
"(22440, 22450]",0
"(22450, 22460]",0
"(22460, 22470]",0
"(22470, 22480]",0
"(22480, 22490]",0
"(22490, 22500]",0
"(22500, 22510]",0
"(22510, 22520]",0
"(22520, 22530]",1
"(22530, 22540]",0
"(22540, 22550]",0
"(22550, 22560]",0
"(22560, 22570]",0
"(22570, 22580]",0
"(22580, 22590]",0
"(22590, 22600]",0
"(22600, 22610]",0
"(22610, 22620]",0
"(22620, 22630]",0
"(22630, 22640]",0
"(22640, 22650]",0
"(22650, 22660]",0
"(22660, 22670]",0
"(22670, 22680]",0
"(22680, 22690]",0
"(22690, 22700]",0
"(22700, 22710]",0
"(22710, 22720]",0
"(22720, 22730]",0
"(22730, 22740]",0
"(22740, 22750]",0
"(22750, 22760]",0
"(22760, 22770]",0
"(22770, 22780]",0
"(22780, 22790]",0
"(22790, 22800]",0
"(22800, 22810]",0
"(22810, 22820]",0
"(22820, 22830]",0
"(22830, 22840]",0
"(22840, 22850]",0
"(22850, 22860]",0
"(22860, 22870]",0
"(22870, 22880]",0
"(22880, 22890]",0
"(22890, 22900]",0
"(22900, 22910]",0
"(22910, 22920]",0
"(22920, 22930]",0
"(22930, 22940]",0
"(22940, 22950]",0
"(22950, 22960]",0
"(22960, 22970]",0
"(22970, 22980]",0
"(22980, 22990]",0
"(22990, 23000]",0
"(23000, 23010]",0
"(23010, 23020]",0
"(23020, 23030]",0
"(23030, 23040]",0
"(23040, 23050]",0
"(23050, 23060]",0
"(23060, 23070]",0
"(23070, 23080]",0
"(23080, 23090]",0
"(23090, 23100]",0
"(23100, 23110]",0
"(23110, 23120]",0
"(23120, 23130]",0
"(23130, 23140]",0
"(23140, 23150]",0
"(23150, 23160]",0
"(23160, 23170]",0
"(23170, 23180]",0
"(23180, 23190]",0
"(23190, 23200]",0
"(23200, 23210]",0
"(23210, 23220]",0
"(23220, 23230]",0
"(23230, 23240]",0
"(23240, 23250]",0
"(23250, 23260]",0
"(23260, 23270]",0
"(23270, 23280]",0
"(23280, 23290]",0
"(23290, 23300]",0
"(23300, 23310]",0
"(23310, 23320]",0
"(23320, 23330]",0
"(23330, 23340]",0
"(23340, 23350]",0
"(23350, 23360]",0
"(23360, 23370]",0
"(23370, 23380]",0
"(23380, 23390]",0
"(23390, 23400]",0
"(23400, 23410]",0
"(23410, 23420]",0
"(23420, 23430]",0
"(23430, 23440]",0
"(23440, 23450]",0
"(23450, 23460]",0
"(23460, 23470]",0
"(23470, 23480]",0
"(23480, 23490]",0
"(23490, 23500]",0
"(23500, 23510]",0
"(23510, 23520]",0
"(23520, 23530]",0
"(23530, 23540]",0
"(23540, 23550]",0
"(23550, 23560]",0
"(23560, 23570]",0
"(23570, 23580]",0
"(23580, 23590]",0
"(23590, 23600]",0
"(23600, 23610]",0
"(23610, 23620]",0
"(23620, 23630]",0
"(23630, 23640]",0
"(23640, 23650]",0
"(23650, 23660]",0
"(23660, 23670]",0
"(23670, 23680]",0
"(23680, 23690]",0
"(23690, 23700]",0
"(23700, 23710]",0
"(23710, 23720]",0
"(23720, 23730]",0
"(23730, 23740]",0
"(23740, 23750]",0
"(23750, 23760]",0
"(23760, 23770]",0
"(23770, 23780]",0
"(23780, 23790]",0
"(23790, 23800]",0
"(23800, 23810]",0
"(23810, 23820]",0
"(23820, 23830]",0
"(23830, 23840]",0
"(23840, 23850]",0
"(23850, 23860]",0
"(23860, 23870]",0
"(23870, 23880]",0
"(23880, 23890]",0
"(23890, 23900]",0
"(23900, 23910]",0
"(23910, 23920]",0
"(23920, 23930]",0
"(23930, 23940]",0
"(23940, 23950]",0
"(23950, 23960]",0
"(23960, 23970]",0
"(23970, 23980]",0
"(23980, 23990]",0
"(23990, 24000]",0
"(24000, 24010]",0
"(24010, 24020]",0
"(24020, 24030]",0
"(24030, 24040]",0
"(24040, 24050]",0
"(24050, 24060]",0
"(24060, 24070]",0
"(24070, 24080]",0
"(24080, 24090]",0
"(24090, 24100]",0
"(24100, 24110]",0
"(24110, 24120]",0
"(24120, 24130]",0
"(24130, 24140]",0
"(24140, 24150]",0
"(24150, 24160]",0
"(24160, 24170]",0
"(24170, 24180]",0
"(24180, 24190]",0
"(24190, 24200]",0
"(24200, 24210]",0
"(24210, 24220]",0
"(24220, 24230]",0
"(24230, 24240]",1
"(24240, 24250]",0
"(24250, 24260]",0
"(24260, 24270]",0
"(24270, 24280]",0
"(24280, 24290]",0
"(24290, 24300]",0
"(24300, 24310]",0
"(24310, 24320]",0
"(24320, 24330]",0
"(24330, 24340]",0
"(24340, 24350]",0
"(24350, 24360]",0
"(24360, 24370]",0
"(24370, 24380]",0
"(24380, 24390]",0
"(24390, 24400]",0
"(24400, 24410]",0
"(24410, 24420]",0
"(24420, 24430]",0
"(24430, 24440]",0
"(24440, 24450]",0
"(24450, 24460]",0
"(24460, 24470]",0
"(24470, 24480]",0
"(24480, 24490]",0
"(24490, 24500]",0
"(24500, 24510]",0
"(24510, 24520]",0
"(24520, 24530]",0
"(24530, 24540]",0
"(24540, 24550]",0
"(24550, 24560]",0
"(24560, 24570]",0
"(24570, 24580]",0
"(24580, 24590]",0
"(24590, 24600]",0
"(24600, 24610]",0
"(24610, 24620]",0
"(24620, 24630]",0
"(24630, 24640]",0
"(24640, 24650]",0
"(24650, 24660]",0
"(24660, 24670]",0
"(24670, 24680]",0
"(24680, 24690]",0
"(24690, 24700]",0
"(24700, 24710]",0
"(24710, 24720]",0
"(24720, 24730]",0
"(24730, 24740]",0
"(24740, 24750]",0
"(24750, 24760]",0
"(24760, 24770]",0
"(24770, 24780]",0
"(24780, 24790]",0
"(24790, 24800]",0
"(24800, 24810]",0
"(24810, 24820]",0
"(24820, 24830]",0
"(24830, 24840]",0
"(24840, 24850]",1
"(24850, 24860]",0
"(24860, 24870]",0
"(24870, 24880]",0
"(24880, 24890]",0
"(24890, 24900]",0
"(24900, 24910]",0
"(24910, 24920]",0
"(24920, 24930]",0
"(24930, 24940]",0
"(24940, 24950]",0
"(24950, 24960]",0
"(24960, 24970]",0
"(24970, 24980]",0
"(24980, 24990]",0
"(24990, 25000]",0
"(25000, 25010]",0
"(25010, 25020]",0
"(25020, 25030]",0
"(25030, 25040]",0
"(25040, 25050]",0
"(25050, 25060]",0
"(25060, 25070]",0
"(25070, 25080]",0
"(25080, 25090]",0
"(25090, 25100]",0
"(25100, 25110]",0
"(25110, 25120]",0
"(25120, 25130]",0
"(25130, 25140]",0
"(25140, 25150]",0
"(25150, 25160]",0
"(25160, 25170]",0
"(25170, 25180]",0
"(25180, 25190]",0
"(25190, 25200]",0
"(25200, 25210]",0
"(25210, 25220]",0
"(25220, 25230]",0
"(25230, 25240]",0
"(25240, 25250]",0
"(25250, 25260]",0
"(25260, 25270]",0
"(25270, 25280]",0
"(25280, 25290]",0
"(25290, 25300]",0
"(25300, 25310]",0
"(25310, 25320]",0
"(25320, 25330]",0
"(25330, 25340]",0
"(25340, 25350]",0
"(25350, 25360]",0
"(25360, 25370]",0
"(25370, 25380]",0
"(25380, 25390]",0
"(25390, 25400]",0
"(25400, 25410]",0
"(25410, 25420]",0
"(25420, 25430]",0
"(25430, 25440]",0
"(25440, 25450]",0
"(25450, 25460]",0
"(25460, 25470]",0
"(25470, 25480]",0
"(25480, 25490]",0
"(25490, 25500]",0
"(25500, 25510]",0
"(25510, 25520]",0
"(25520, 25530]",0
"(25530, 25540]",0
"(25540, 25550]",0
"(25550, 25560]",0
"(25560, 25570]",0
"(25570, 25580]",0
"(25580, 25590]",0
"(25590, 25600]",0
"(25600, 25610]",0
"(25610, 25620]",1
"(25620, 25630]",0
"(25630, 25640]",0
"(25640, 25650]",0
"(25650, 25660]",0
"(25660, 25670]",0
"(25670, 25680]",0
"(25680, 25690]",0
"(25690, 25700]",0
"(25700, 25710]",0
"(25710, 25720]",0
"(25720, 25730]",0
"(25730, 25740]",0
"(25740, 25750]",0
"(25750, 25760]",0
"(25760, 25770]",0
"(25770, 25780]",0
"(25780, 25790]",0
"(25790, 25800]",0
"(25800, 25810]",0
"(25810, 25820]",0
"(25820, 25830]",0
"(25830, 25840]",0
"(25840, 25850]",0
"(25850, 25860]",0
"(25860, 25870]",0
"(25870, 25880]",0
"(25880, 25890]",0
"(25890, 25900]",0
"(25900, 25910]",0
"(25910, 25920]",0
"(25920, 25930]",0
"(25930, 25940]",0
"(25940, 25950]",0
"(25950, 25960]",0
"(25960, 25970]",0
"(25970, 25980]",0
"(25980, 25990]",0
"(25990, 26000]",0
"(26000, 26010]",0
"(26010, 26020]",0
"(26020, 26030]",0
"(26030, 26040]",0
"(26040, 26050]",0
"(26050, 26060]",0
"(26060, 26070]",0
"(26070, 26080]",0
"(26080, 26090]",0
"(26090, 26100]",0
"(26100, 26110]",0
"(26110, 26120]",0
"(26120, 26130]",0
"(26130, 26140]",0
"(26140, 26150]",0
"(26150, 26160]",0
"(26160, 26170]",0
"(26170, 26180]",0
"(26180, 26190]",0
"(26190, 26200]",0
"(26200, 26210]",0
"(26210, 26220]",0
"(26220, 26230]",0
"(26230, 26240]",0
"(26240, 26250]",0
"(26250, 26260]",0
"(26260, 26270]",0
"(26270, 26280]",0
"(26280, 26290]",0
"(26290, 26300]",0
"(26300, 26310]",0
"(26310, 26320]",0
"(26320, 26330]",0
"(26330, 26340]",0
"(26340, 26350]",0
"(26350, 26360]",0
"(26360, 26370]",0
"(26370, 26380]",0
"(26380, 26390]",0
"(26390, 26400]",0
"(26400, 26410]",0
"(26410, 26420]",0
"(26420, 26430]",0
"(26430, 26440]",0
"(26440, 26450]",0
"(26450, 26460]",0
"(26460, 26470]",0
"(26470, 26480]",0
"(26480, 26490]",0
"(26490, 26500]",0
"(26500, 26510]",0
"(26510, 26520]",0
"(26520, 26530]",0
"(26530, 26540]",0
"(26540, 26550]",0
"(26550, 26560]",0
"(26560, 26570]",0
"(26570, 26580]",0
"(26580, 26590]",0
"(26590, 26600]",0
"(26600, 26610]",0
"(26610, 26620]",0
"(26620, 26630]",0
"(26630, 26640]",0
"(26640, 26650]",0
"(26650, 26660]",0
"(26660, 26670]",0
"(26670, 26680]",0
"(26680, 26690]",0
"(26690, 26700]",0
"(26700, 26710]",0
"(26710, 26720]",0
"(26720, 26730]",0
"(26730, 26740]",0
"(26740, 26750]",0
"(26750, 26760]",0
"(26760, 26770]",0
"(26770, 26780]",0
"(26780, 26790]",0
"(26790, 26800]",0
"(26800, 26810]",0
"(26810, 26820]",0
"(26820, 26830]",0
"(26830, 26840]",0
"(26840, 26850]",0
"(26850, 26860]",0
"(26860, 26870]",0
"(26870, 26880]",0
"(26880, 26890]",0
"(26890, 26900]",0
"(26900, 26910]",0
"(26910, 26920]",0
"(26920, 26930]",0
"(26930, 26940]",0
"(26940, 26950]",0
"(26950, 26960]",0
"(26960, 26970]",0
"(26970, 26980]",0
"(26980, 26990]",0
"(26990, 27000]",0
"(27000, 27010]",0
"(27010, 27020]",0
"(27020, 27030]",0
"(27030, 27040]",0
"(27040, 27050]",0
"(27050, 27060]",0
"(27060, 27070]",0
"(27070, 27080]",0
"(27080, 27090]",0
"(27090, 27100]",0
"(27100, 27110]",0
"(27110, 27120]",0
"(27120, 27130]",0
"(27130, 27140]",0
"(27140, 27150]",0
"(27150, 27160]",0
"(27160, 27170]",0
"(27170, 27180]",0
"(27180, 27190]",0
"(27190, 27200]",0
"(27200, 27210]",0
"(27210, 27220]",0
"(27220, 27230]",0
"(27230, 27240]",0
"(27240, 27250]",0
"(27250, 27260]",0
"(27260, 27270]",0
"(27270, 27280]",0
"(27280, 27290]",0
"(27290, 27300]",0
"(27300, 27310]",0
"(27310, 27320]",0
"(27320, 27330]",0
"(27330, 27340]",0
"(27340, 27350]",0
"(27350, 27360]",0
"(27360, 27370]",0
"(27370, 27380]",0
"(27380, 27390]",0
"(27390, 27400]",0
"(27400, 27410]",0
"(27410, 27420]",0
"(27420, 27430]",0
"(27430, 27440]",0
"(27440, 27450]",0
"(27450, 27460]",0
"(27460, 27470]",0
"(27470, 27480]",0
"(27480, 27490]",0
"(27490, 27500]",0
"(27500, 27510]",0
"(27510, 27520]",0
"(27520, 27530]",0
"(27530, 27540]",0
"(27540, 27550]",0
"(27550, 27560]",0
"(27560, 27570]",0
"(27570, 27580]",0
"(27580, 27590]",0
"(27590, 27600]",0
"(27600, 27610]",0
"(27610, 27620]",0
"(27620, 27630]",0
"(27630, 27640]",0
"(27640, 27650]",0
"(27650, 27660]",0
"(27660, 27670]",0
"(27670, 27680]",0
"(27680, 27690]",0
"(27690, 27700]",0
"(27700, 27710]",0
"(27710, 27720]",0
"(27720, 27730]",0
"(27730, 27740]",0
"(27740, 27750]",0
"(27750, 27760]",0
"(27760, 27770]",0
"(27770, 27780]",0
"(27780, 27790]",0
"(27790, 27800]",0
"(27800, 27810]",0
"(27810, 27820]",0
"(27820, 27830]",0
"(27830, 27840]",0
"(27840, 27850]",0
"(27850, 27860]",0
"(27860, 27870]",0
"(27870, 27880]",0
"(27880, 27890]",0
"(27890, 27900]",0
"(27900, 27910]",0
"(27910, 27920]",0
"(27920, 27930]",0
"(27930, 27940]",0
"(27940, 27950]",0
"(27950, 27960]",0
"(27960, 27970]",0
"(27970, 27980]",0
"(27980, 27990]",0
"(27990, 28000]",0
"(28000, 28010]",0
"(28010, 28020]",0
"(28020, 28030]",0
"(28030, 28040]",0
"(28040, 28050]",0
"(28050, 28060]",0
"(28060, 28070]",0
"(28070, 28080]",0
"(28080, 28090]",0
"(28090, 28100]",0
"(28100, 28110]",0
"(28110, 28120]",0
"(28120, 28130]",0
"(28130, 28140]",0
"(28140, 28150]",0
"(28150, 28160]",0
"(28160, 28170]",0
"(28170, 28180]",0
"(28180, 28190]",0
"(28190, 28200]",1
"(28200, 28210]",0
"(28210, 28220]",0
"(28220, 28230]",0
"(28230, 28240]",0
"(28240, 28250]",0
"(28250, 28260]",0
"(28260, 28270]",0
"(28270, 28280]",0
"(28280, 28290]",0
"(28290, 28300]",0
"(28300, 28310]",0
"(28310, 28320]",0
"(28320, 28330]",0
"(28330, 28340]",0
"(28340, 28350]",0
"(28350, 28360]",0
"(28360, 28370]",0
"(28370, 28380]",0
"(28380, 28390]",0
"(28390, 28400]",0
"(28400, 28410]",0
"(28410, 28420]",0
"(28420, 28430]",0
"(28430, 28440]",0
"(28440, 28450]",0
"(28450, 28460]",0
"(28460, 28470]",0
"(28470, 28480]",0
"(28480, 28490]",0
"(28490, 28500]",0
"(28500, 28510]",0
"(28510, 28520]",0
"(28520, 28530]",0
"(28530, 28540]",0
"(28540, 28550]",0
"(28550, 28560]",0
"(28560, 28570]",0
"(28570, 28580]",0
"(28580, 28590]",0
"(28590, 28600]",0
"(28600, 28610]",0
"(28610, 28620]",0
"(28620, 28630]",0
"(28630, 28640]",0
"(28640, 28650]",0
"(28650, 28660]",0
"(28660, 28670]",0
"(28670, 28680]",0
"(28680, 28690]",0
"(28690, 28700]",0
"(28700, 28710]",0
"(28710, 28720]",0
"(28720, 28730]",0
"(28730, 28740]",0
"(28740, 28750]",0
"(28750, 28760]",0
"(28760, 28770]",0
"(28770, 28780]",0
"(28780, 28790]",0
"(28790, 28800]",0
"(28800, 28810]",0
"(28810, 28820]",0
"(28820, 28830]",0
"(28830, 28840]",0
"(28840, 28850]",0
"(28850, 28860]",0
"(28860, 28870]",0
"(28870, 28880]",0
"(28880, 28890]",0
"(28890, 28900]",0
"(28900, 28910]",0
"(28910, 28920]",0
"(28920, 28930]",0
"(28930, 28940]",0
"(28940, 28950]",0
"(28950, 28960]",0
"(28960, 28970]",0
"(28970, 28980]",0
"(28980, 28990]",0
"(28990, 29000]",0
"(29000, 29010]",0
"(29010, 29020]",0
"(29020, 29030]",0
"(29030, 29040]",0
"(29040, 29050]",0
"(29050, 29060]",0
"(29060, 29070]",0
"(29070, 29080]",0
"(29080, 29090]",0
"(29090, 29100]",0
"(29100, 29110]",0
"(29110, 29120]",0
"(29120, 29130]",0
"(29130, 29140]",0
"(29140, 29150]",0
"(29150, 29160]",0
"(29160, 29170]",0
"(29170, 29180]",0
"(29180, 29190]",0
"(29190, 29200]",0
"(29200, 29210]",0
"(29210, 29220]",0
"(29220, 29230]",0
"(29230, 29240]",0
"(29240, 29250]",0
"(29250, 29260]",0
"(29260, 29270]",0
"(29270, 29280]",0
"(29280, 29290]",0
"(29290, 29300]",0
"(29300, 29310]",0
"(29310, 29320]",0
"(29320, 29330]",0
"(29330, 29340]",0
"(29340, 29350]",0
"(29350, 29360]",0
"(29360, 29370]",0
"(29370, 29380]",0
"(29380, 29390]",0
"(29390, 29400]",0
"(29400, 29410]",0
"(29410, 29420]",0
"(29420, 29430]",0
"(29430, 29440]",0
"(29440, 29450]",0
"(29450, 29460]",0
"(29460, 29470]",0
"(29470, 29480]",0
"(29480, 29490]",0
"(29490, 29500]",0
"(29500, 29510]",0
"(29510, 29520]",0
"(29520, 29530]",0
"(29530, 29540]",0
"(29540, 29550]",0
"(29550, 29560]",0
"(29560, 29570]",0
"(29570, 29580]",0
"(29580, 29590]",0
"(29590, 29600]",0
"(29600, 29610]",0
"(29610, 29620]",0
"(29620, 29630]",0
"(29630, 29640]",0
"(29640, 29650]",0
"(29650, 29660]",0
"(29660, 29670]",0
"(29670, 29680]",0
"(29680, 29690]",0
"(29690, 29700]",0
"(29700, 29710]",0
"(29710, 29720]",0
"(29720, 29730]",0
"(29730, 29740]",0
"(29740, 29750]",0
"(29750, 29760]",0
"(29760, 29770]",0
"(29770, 29780]",0
"(29780, 29790]",0
"(29790, 29800]",0
"(29800, 29810]",0
"(29810, 29820]",0
"(29820, 29830]",0
"(29830, 29840]",0
"(29840, 29850]",0
"(29850, 29860]",0
"(29860, 29870]",0
"(29870, 29880]",0
"(29880, 29890]",0
"(29890, 29900]",0
"(29900, 29910]",0
"(29910, 29920]",0
"(29920, 29930]",0
"(29930, 29940]",0
"(29940, 29950]",0
"(29950, 29960]",0
"(29960, 29970]",0
"(29970, 29980]",0
"(29980, 29990]",0
"(29990, 30000]",0
"(30000, 30010]",0
"(30010, 30020]",0
"(30020, 30030]",0
"(30030, 30040]",0
"(30040, 30050]",0
"(30050, 30060]",0
"(30060, 30070]",0
"(30070, 30080]",0
"(30080, 30090]",0
"(30090, 30100]",0
"(30100, 30110]",0
"(30110, 30120]",0
"(30120, 30130]",0
"(30130, 30140]",0
"(30140, 30150]",0
"(30150, 30160]",0
"(30160, 30170]",0
"(30170, 30180]",0
"(30180, 30190]",0
"(30190, 30200]",0
"(30200, 30210]",0
"(30210, 30220]",0
"(30220, 30230]",0
"(30230, 30240]",0
"(30240, 30250]",0
"(30250, 30260]",0
"(30260, 30270]",0
"(30270, 30280]",0
"(30280, 30290]",0
"(30290, 30300]",0
"(30300, 30310]",0
"(30310, 30320]",0
"(30320, 30330]",0
"(30330, 30340]",0
"(30340, 30350]",0
"(30350, 30360]",0
"(30360, 30370]",0
"(30370, 30380]",0
"(30380, 30390]",0
"(30390, 30400]",0
"(30400, 30410]",0
"(30410, 30420]",0
"(30420, 30430]",0
"(30430, 30440]",0
"(30440, 30450]",0
"(30450, 30460]",0
"(30460, 30470]",0
"(30470, 30480]",0
"(30480, 30490]",0
"(30490, 30500]",0
"(30500, 30510]",0
"(30510, 30520]",0
"(30520, 30530]",0
"(30530, 30540]",0
"(30540, 30550]",0
"(30550, 30560]",0
"(30560, 30570]",0
"(30570, 30580]",0
"(30580, 30590]",0
"(30590, 30600]",0
"(30600, 30610]",0
"(30610, 30620]",0
"(30620, 30630]",0
"(30630, 30640]",0
"(30640, 30650]",0
"(30650, 30660]",0
"(30660, 30670]",0
"(30670, 30680]",0
"(30680, 30690]",0
"(30690, 30700]",0
"(30700, 30710]",0
"(30710, 30720]",0
"(30720, 30730]",0
"(30730, 30740]",0
"(30740, 30750]",0
"(30750, 30760]",0
"(30760, 30770]",0
"(30770, 30780]",0
"(30780, 30790]",0
"(30790, 30800]",0
"(30800, 30810]",0
"(30810, 30820]",0
"(30820, 30830]",0
"(30830, 30840]",0
"(30840, 30850]",0
"(30850, 30860]",0
"(30860, 30870]",0
"(30870, 30880]",0
"(30880, 30890]",0
"(30890, 30900]",0
"(30900, 30910]",0
"(30910, 30920]",0
"(30920, 30930]",0
"(30930, 30940]",0
"(30940, 30950]",0
"(30950, 30960]",0
"(30960, 30970]",0
"(30970, 30980]",0
"(30980, 30990]",0
"(30990, 31000]",0
"(31000, 31010]",0
"(31010, 31020]",0
"(31020, 31030]",0
"(31030, 31040]",0
"(31040, 31050]",0
"(31050, 31060]",0
"(31060, 31070]",0
"(31070, 31080]",0
"(31080, 31090]",0
"(31090, 31100]",0
"(31100, 31110]",0
"(31110, 31120]",0
"(31120, 31130]",0
"(31130, 31140]",0
"(31140, 31150]",0
"(31150, 31160]",0
"(31160, 31170]",0
"(31170, 31180]",0
"(31180, 31190]",0
"(31190, 31200]",0
"(31200, 31210]",0
"(31210, 31220]",0
"(31220, 31230]",0
"(31230, 31240]",0
"(31240, 31250]",0
"(31250, 31260]",0
"(31260, 31270]",0
"(31270, 31280]",0
"(31280, 31290]",0
"(31290, 31300]",0
"(31300, 31310]",0
"(31310, 31320]",0
"(31320, 31330]",0
"(31330, 31340]",0
"(31340, 31350]",0
"(31350, 31360]",0
"(31360, 31370]",0
"(31370, 31380]",0
"(31380, 31390]",0
"(31390, 31400]",0
"(31400, 31410]",0
"(31410, 31420]",0
"(31420, 31430]",0
"(31430, 31440]",0
"(31440, 31450]",0
"(31450, 31460]",0
"(31460, 31470]",0
"(31470, 31480]",0
"(31480, 31490]",0
"(31490, 31500]",0
"(31500, 31510]",0
"(31510, 31520]",0
"(31520, 31530]",0
"(31530, 31540]",0
"(31540, 31550]",0
"(31550, 31560]",0
"(31560, 31570]",0
"(31570, 31580]",0
"(31580, 31590]",0
"(31590, 31600]",0
"(31600, 31610]",0
"(31610, 31620]",0
"(31620, 31630]",0
"(31630, 31640]",0
"(31640, 31650]",0
"(31650, 31660]",0
"(31660, 31670]",0
"(31670, 31680]",0
"(31680, 31690]",0
"(31690, 31700]",0
"(31700, 31710]",0
"(31710, 31720]",0
"(31720, 31730]",0
"(31730, 31740]",0
"(31740, 31750]",0
"(31750, 31760]",0
"(31760, 31770]",0
"(31770, 31780]",0
"(31780, 31790]",0
"(31790, 31800]",0
"(31800, 31810]",0
"(31810, 31820]",0
"(31820, 31830]",0
"(31830, 31840]",0
"(31840, 31850]",0
"(31850, 31860]",0
"(31860, 31870]",0
"(31870, 31880]",0
"(31880, 31890]",0
"(31890, 31900]",0
"(31900, 31910]",0
"(31910, 31920]",0
"(31920, 31930]",0
"(31930, 31940]",0
"(31940, 31950]",0
"(31950, 31960]",0
"(31960, 31970]",0
"(31970, 31980]",0
"(31980, 31990]",0
"(31990, 32000]",0
"(32000, 32010]",0
"(32010, 32020]",0
"(32020, 32030]",0
"(32030, 32040]",0
"(32040, 32050]",0
"(32050, 32060]",0
"(32060, 32070]",0
"(32070, 32080]",0
"(32080, 32090]",0
"(32090, 32100]",0
"(32100, 32110]",0
"(32110, 32120]",0
"(32120, 32130]",0
"(32130, 32140]",0
"(32140, 32150]",0
"(32150, 32160]",0
"(32160, 32170]",0
"(32170, 32180]",0
"(32180, 32190]",0
"(32190, 32200]",0
"(32200, 32210]",0
"(32210, 32220]",0
"(32220, 32230]",0
"(32230, 32240]",0
"(32240, 32250]",0
"(32250, 32260]",0
"(32260, 32270]",0
"(32270, 32280]",0
"(32280, 32290]",0
"(32290, 32300]",0
"(32300, 32310]",0
"(32310, 32320]",0
"(32320, 32330]",0
"(32330, 32340]",0
"(32340, 32350]",0
"(32350, 32360]",0
"(32360, 32370]",0
"(32370, 32380]",0
"(32380, 32390]",0
"(32390, 32400]",0
"(32400, 32410]",0
"(32410, 32420]",0
"(32420, 32430]",0
"(32430, 32440]",0
"(32440, 32450]",0
"(32450, 32460]",0
"(32460, 32470]",0
"(32470, 32480]",0
"(32480, 32490]",0
"(32490, 32500]",0
"(32500, 32510]",0
"(32510, 32520]",0
"(32520, 32530]",0
"(32530, 32540]",0
"(32540, 32550]",0
"(32550, 32560]",0
"(32560, 32570]",0
"(32570, 32580]",0
"(32580, 32590]",0
"(32590, 32600]",0
"(32600, 32610]",0
"(32610, 32620]",0
"(32620, 32630]",0
"(32630, 32640]",0
"(32640, 32650]",0
"(32650, 32660]",0
"(32660, 32670]",0
"(32670, 32680]",0
"(32680, 32690]",0
"(32690, 32700]",0
"(32700, 32710]",0
"(32710, 32720]",0
"(32720, 32730]",0
"(32730, 32740]",0
"(32740, 32750]",0
"(32750, 32760]",0
"(32760, 32770]",0
"(32770, 32780]",0
"(32780, 32790]",0
"(32790, 32800]",0
"(32800, 32810]",0
"(32810, 32820]",0
"(32820, 32830]",0
"(32830, 32840]",0
"(32840, 32850]",0
"(32850, 32860]",0
"(32860, 32870]",0
"(32870, 32880]",0
"(32880, 32890]",0
"(32890, 32900]",0
"(32900, 32910]",0
"(32910, 32920]",0
"(32920, 32930]",0
"(32930, 32940]",0
"(32940, 32950]",0
"(32950, 32960]",0
"(32960, 32970]",0
"(32970, 32980]",0
"(32980, 32990]",0
"(32990, 33000]",0
"(33000, 33010]",0
"(33010, 33020]",0
"(33020, 33030]",0
"(33030, 33040]",0
"(33040, 33050]",0
"(33050, 33060]",0
"(33060, 33070]",0
"(33070, 33080]",0
"(33080, 33090]",0
"(33090, 33100]",0
"(33100, 33110]",0
"(33110, 33120]",0
"(33120, 33130]",0
"(33130, 33140]",0
"(33140, 33150]",0
"(33150, 33160]",0
"(33160, 33170]",0
"(33170, 33180]",0
"(33180, 33190]",0
"(33190, 33200]",0
"(33200, 33210]",0
"(33210, 33220]",0
"(33220, 33230]",0
"(33230, 33240]",0
"(33240, 33250]",0
"(33250, 33260]",0
"(33260, 33270]",0
"(33270, 33280]",0
"(33280, 33290]",0
"(33290, 33300]",0
"(33300, 33310]",0
"(33310, 33320]",0
"(33320, 33330]",0
"(33330, 33340]",0
"(33340, 33350]",0
"(33350, 33360]",0
"(33360, 33370]",0
"(33370, 33380]",0
"(33380, 33390]",0
"(33390, 33400]",0
"(33400, 33410]",0
"(33410, 33420]",0
"(33420, 33430]",0
"(33430, 33440]",0
"(33440, 33450]",0
"(33450, 33460]",0
"(33460, 33470]",0
"(33470, 33480]",0
"(33480, 33490]",0
"(33490, 33500]",0
"(33500, 33510]",0
"(33510, 33520]",0
"(33520, 33530]",0
"(33530, 33540]",0
"(33540, 33550]",0
"(33550, 33560]",0
"(33560, 33570]",0
"(33570, 33580]",0
"(33580, 33590]",0
"(33590, 33600]",0
"(33600, 33610]",0
"(33610, 33620]",0
"(33620, 33630]",0
"(33630, 33640]",0
"(33640, 33650]",0
"(33650, 33660]",0
"(33660, 33670]",0
"(33670, 33680]",0
"(33680, 33690]",0
"(33690, 33700]",0
"(33700, 33710]",0
"(33710, 33720]",0
"(33720, 33730]",0
"(33730, 33740]",0
"(33740, 33750]",0
"(33750, 33760]",0
"(33760, 33770]",0
"(33770, 33780]",0
"(33780, 33790]",0
"(33790, 33800]",0
"(33800, 33810]",0
"(33810, 33820]",0
"(33820, 33830]",0
"(33830, 33840]",0
"(33840, 33850]",0
"(33850, 33860]",0
"(33860, 33870]",0
"(33870, 33880]",0
"(33880, 33890]",0
"(33890, 33900]",0
"(33900, 33910]",0
"(33910, 33920]",0
"(33920, 33930]",0
"(33930, 33940]",0
"(33940, 33950]",0
"(33950, 33960]",0
"(33960, 33970]",0
"(33970, 33980]",0
"(33980, 33990]",0
"(33990, 34000]",0
"(34000, 34010]",0
"(34010, 34020]",0
"(34020, 34030]",0
"(34030, 34040]",0
"(34040, 34050]",0
"(34050, 34060]",0
"(34060, 34070]",0
"(34070, 34080]",0
"(34080, 34090]",0
"(34090, 34100]",0
"(34100, 34110]",0
"(34110, 34120]",0
"(34120, 34130]",0
"(34130, 34140]",0
"(34140, 34150]",0
"(34150, 34160]",0
"(34160, 34170]",0
"(34170, 34180]",0
"(34180, 34190]",0
"(34190, 34200]",0
"(34200, 34210]",0
"(34210, 34220]",0
"(34220, 34230]",0
"(34230, 34240]",0
"(34240, 34250]",0
"(34250, 34260]",0
"(34260, 34270]",0
"(34270, 34280]",0
"(34280, 34290]",0
"(34290, 34300]",0
"(34300, 34310]",1
